{
  "timestamp": "2025-09-09T19:44:27.686536Z",
  "duration": 42868,
  "environment": {
    "os": "unix_darwin",
    "cpu_count": 8,
    "total_memory": 723462484
  },
  "scenarios": [
    {
      "max": 16340250,
      "min": 0,
      "name": "fast operation",
      "std_dev": 7259.9176899671675,
      "average": 45.60624886922951,
      "memory_average": 0.0
    },
    {
      "max": 41322875,
      "min": 1091792,
      "name": "slow operation",
      "std_dev": 1063458.7868147297,
      "average": 2055201.8093865789,
      "memory_average": 0.0
    }
  ],
  "suite_name": "Test Suite"
}