{
  "timestamp": "2025-09-09T17:31:22.396902Z",
  "duration": 43060,
  "environment": {
    "os": "unix_darwin",
    "total_memory": 990870860,
    "cpu_count": 8
  },
  "scenarios": [
    {
      "max": 23952333.3,
      "min": 0.0,
      "name": "fast operation",
      "std_dev": 7084.589194635815,
      "average": 10.22348298323695,
      "memory_average": 0.0
    },
    {
      "max": 5365083,
      "min": 1301083,
      "name": "slow operation",
      "std_dev": 98196.38619417265,
      "average": 2000733.0220352565,
      "memory_average": 0.0
    }
  ],
  "suite_name": "Test Suite"
}