{
  "timestamp": "2025-09-09T18:05:44.530997Z",
  "duration": 38830,
  "environment": {
    "os": "unix_darwin",
    "cpu_count": 8,
    "total_memory": 975320954
  },
  "scenarios": [
    {
      "max": 1857283.3,
      "min": 0.0,
      "name": "fast operation",
      "average": 10.009600259548112,
      "std_dev": 784.6901701072821,
      "memory_average": 0.0
    },
    {
      "max": 12840083,
      "min": 1277250,
      "name": "slow operation",
      "average": 2011645.2585581958,
      "std_dev": 342045.74475182174,
      "memory_average": 0.0
    }
  ],
  "suite_name": "Test Suite"
}