{
  "timestamp": "2025-09-09T21:38:14.943299Z",
  "duration": 37293,
  "environment": {
    "os": "unix_darwin",
    "cpu_count": 8,
    "total_memory": 621876257
  },
  "scenarios": [
    {
      "max": 817458.3,
      "min": 0.0,
      "name": "fast operation",
      "std_dev": 1013.6983964876918,
      "average": 16.234647760067404,
      "memory_average": 0.0
    },
    {
      "max": 16857875,
      "min": 1059916,
      "name": "slow operation",
      "std_dev": 393241.93743861525,
      "average": 2016219.1105691057,
      "memory_average": 0.0
    }
  ],
  "suite_name": "Test Suite"
}