{
  "timestamp": "2025-09-09T19:26:27.188066Z",
  "duration": 46931,
  "environment": {
    "os": "unix_darwin",
    "cpu_count": 8,
    "total_memory": 980366464
  },
  "scenarios": [
    {
      "max": 26951941.6,
      "min": 0.0,
      "name": "fast operation",
      "average": 10.72437169897725,
      "std_dev": 8154.900280096286,
      "memory_average": 0.0
    },
    {
      "max": 8097833,
      "min": 1526625,
      "name": "slow operation",
      "average": 2000493.613135763,
      "std_dev": 128101.86330851982,
      "memory_average": 0.0
    }
  ],
  "suite_name": "Test Suite"
}