{
  "timestamp": "2025-09-09T18:03:34.961175Z",
  "duration": 50855,
  "environment": {
    "os": "unix_darwin",
    "cpu_count": 8,
    "total_memory": 715616598
  },
  "scenarios": [
    {
      "max": 9342834,
      "min": 0,
      "name": "fast operation",
      "std_dev": 4708.299688183921,
      "average": 46.7935825695812,
      "memory_average": 0.0
    },
    {
      "max": 2950375,
      "min": 1794875,
      "name": "slow operation",
      "std_dev": 26289.816840453488,
      "average": 1998560.596,
      "memory_average": 0.0
    }
  ],
  "suite_name": "Test Suite"
}