{
  "timestamp": "2025-09-09T21:26:22.672838Z",
  "duration": 39844,
  "environment": {
    "os": "unix_darwin",
    "cpu_count": 8,
    "total_memory": 772487188
  },
  "scenarios": [
    {
      "max": 25085304.1,
      "min": 0.0,
      "name": "fast operation",
      "std_dev": 8686.400556004617,
      "average": 13.718846560293104,
      "memory_average": 0.0
    },
    {
      "max": 2466833,
      "min": 1569416,
      "name": "slow operation",
      "std_dev": 25304.16184640798,
      "average": 1998415.4828,
      "memory_average": 0.0
    }
  ],
  "suite_name": "Test Suite"
}