{
  "timestamp": "2025-09-09T17:32:25.682253Z",
  "duration": 42121,
  "environment": {
    "os": "unix_darwin",
    "cpu_count": 8,
    "total_memory": 997821062
  },
  "scenarios": [
    {
      "max": 28321191.7,
      "min": 0.0,
      "name": "fast operation",
      "average": 14.207771380803631,
      "std_dev": 10704.83442046966,
      "memory_average": 0.0
    },
    {
      "max": 22419834,
      "min": 1599583,
      "name": "slow operation",
      "average": 2006580.280835677,
      "std_dev": 412340.01110957685,
      "memory_average": 0.0
    }
  ],
  "suite_name": "Test Suite"
}