{
  "timestamp": "2025-09-09T20:22:29.179501Z",
  "duration": 50507,
  "environment": {
    "os": "unix_darwin",
    "cpu_count": 8,
    "total_memory": 712974207
  },
  "scenarios": [
    {
      "max": 7714375,
      "min": 0,
      "name": "fast operation",
      "average": 44.74160699143051,
      "std_dev": 3647.51292577457,
      "memory_average": 0.0
    },
    {
      "max": 44743125,
      "min": 1226125,
      "name": "slow operation",
      "average": 2056627.5181368508,
      "std_dev": 1217043.7300786185,
      "memory_average": 0.0
    }
  ],
  "suite_name": "Test Suite"
}