{
  "timestamp": "2025-09-09T18:54:34.130250Z",
  "duration": 48196,
  "environment": {
    "os": "unix_darwin",
    "cpu_count": 8,
    "total_memory": 721179599
  },
  "scenarios": [
    {
      "max": 322720458,
      "min": 0,
      "name": "fast operation",
      "std_dev": 81508.72516146477,
      "average": 64.15647827195329,
      "memory_average": 0.0
    },
    {
      "max": 2650041,
      "min": 1209250,
      "name": "slow operation",
      "std_dev": 34073.601027974015,
      "average": 1998114.7013194722,
      "memory_average": 0.0
    }
  ],
  "suite_name": "Test Suite"
}